<?xml version="1.0" encoding="UTF-8"?><?xml-stylesheet type='text/xsl' href='_UpgradeReport_Files/UpgradeReport.xslt'?><UpgradeLog>
<Properties><Property Name="Solution" Value="AO">
</Property><Property Name="Solution File" Value="C:\Program Files\Advantech\ActiveDAQ\Examples\VBNET\AO\AO.sln">
</Property><Property Name="User Options File" Value="C:\Program Files\Advantech\ActiveDAQ\Examples\VBNET\AO\AO.suo">
</Property><Property Name="Date" Value="Friday, December 16, 2011">
</Property><Property Name="Time" Value="13:13 PM">
</Property></Properties><Event ErrorLevel="0" Project="" Source="AO.sln" Description="File successfully backed up as C:\Program Files\Advantech\ActiveDAQ\Examples\VBNET\AO\Backup\AO.sln">
</Event><Event ErrorLevel="0" Project="" Source="AO.suo" Description="File successfully backed up as C:\Program Files\Advantech\ActiveDAQ\Examples\VBNET\AO\Backup\AO.suo">
</Event><Event ErrorLevel="0" Project="AO" Source="AO.vbproj" Description="Project file successfully backed up as C:\Program Files\Advantech\ActiveDAQ\Examples\VBNET\AO\Backup\AO.vbproj">
</Event><Event ErrorLevel="0" Project="AO" Source="AO.vbproj.user" Description="Project user file successfully backed up as C:\Program Files\Advantech\ActiveDAQ\Examples\VBNET\AO\Backup\AO.vbproj.user">
</Event><Event ErrorLevel="0" Project="AO" Source="AOForm.vb" Description="File successfully backed up as C:\Program Files\Advantech\ActiveDAQ\Examples\VBNET\AO\Backup\AOForm.vb">
</Event><Event ErrorLevel="0" Project="AO" Source="AssemblyInfo.vb" Description="File successfully backed up as C:\Program Files\Advantech\ActiveDAQ\Examples\VBNET\AO\Backup\AssemblyInfo.vb">
</Event><Event ErrorLevel="0" Project="AO" Source="app.config" Description="File successfully backed up as C:\Program Files\Advantech\ActiveDAQ\Examples\VBNET\AO\Backup\app.config">
</Event><Event ErrorLevel="0" Project="AO" Source="AOForm.resx" Description="File successfully backed up as C:\Program Files\Advantech\ActiveDAQ\Examples\VBNET\AO\Backup\AOForm.resx">
</Event><Event ErrorLevel="0" Project="AO" Source="AO.vbproj" Description="Project converted successfully">
</Event><Event ErrorLevel="3" Project="AO" Source="AO.vbproj" Description="Converted">
</Event><Event ErrorLevel="0" Project="" Source="AO.sln" Description="Solution converted successfully">
</Event><Event ErrorLevel="3" Project="" Source="AO.sln" Description="Converted">
</Event><Event ErrorLevel="0" Project="AO" Source="app.config" Description="File converted successfully. All &lt;supportedRuntime&gt; and &lt;requiredRuntime&gt; tags were removed to enable the project to build and run with Visual Studio 2005.">
</Event><Event ErrorLevel="3" Project="AO" Source="app.config" Description="Converted">
</Event></UpgradeLog>