﻿<?xml version="1.0" encoding="utf-8"?>
<publishData>
  <publishProfile publishUrl="F:\MSACCOAPP" deleteExistingFiles="True" ftpAnonymousLogin="False" ftpPassiveMode="True" msdeploySite="" msdeploySiteID="" msdeployRemoteSitePhysicalPath="" msdeployAllowUntrustedCertificate="False" msdeploySkipExtraFilesOnServer="True" msdeployMarkAsApp="False" profileName="Profile1" publishMethod="FileSystem" replaceMatchingFiles="False" userName="" savePWD="False" userPWD="" SelectedForPublish="True">
    <file relUrl="M-Sacco.asmx" publishTime="06/29/2015 08:00:22" />
    <file relUrl="Newtonsoft.Json.xml" publishTime="06/29/2015 08:00:24" />
    <file relUrl="Settings.txt" publishTime="09/01/2015 15:10:45" />
    <file relUrl="Web.config" publishTime="08/13/2015 22:54:51" />
    <file relUrl="bin/M-SACCO Webservice.dll" publishTime="09/11/2015 10:39:34" />
    <file relUrl="Newtonsoft.Json.pdb" publishTime="06/29/2015 08:00:24" />
    <file relUrl="Newtonsoft.Json.dll" publishTime="06/29/2015 08:00:24" />
    <file relUrl="bin/Newtonsoft.Json.xml" publishTime="06/29/2015 08:00:24" />
    <file relUrl="bin/Settings.txt" publishTime="09/01/2015 15:10:45" />
    <file relUrl="bin/Newtonsoft.Json.dll" publishTime="06/29/2015 08:00:24" />
    <file relUrl="bin/Newtonsoft.Json.pdb" publishTime="06/29/2015 08:00:24" />
    <file relUrl="bin/M-SACCO Webservice.pdb" publishTime="09/11/2015 10:39:34" />
  </publishProfile>
</publishData>