<?xml version="1.0" encoding="UTF-8"?><?xml-stylesheet type='text/xsl' href='_UpgradeReport_Files/UpgradeReport.xslt'?><UpgradeLog>
<Properties><Property Name="Solution" Value="M-SACCO Webservice">
</Property><Property Name="Solution File" Value="D:\Projects\Msacco Webservices\M-SACCO Webservice Magadi - Copy\M-SACCO Webservice.sln">
</Property><Property Name="User Options File" Value="D:\Projects\Msacco Webservices\M-SACCO Webservice Magadi - Copy\M-SACCO Webservice.suo">
</Property><Property Name="Date" Value="22 May 2013">
</Property><Property Name="Time" Value="09:26">
</Property></Properties><Event ErrorLevel="0" Project="" Source="M-SACCO Webservice.sln" Description="File successfully backed up as D:\Projects\Msacco Webservices\M-SACCO Webservice Magadi - Copy\Backup\M-SACCO Webservice.sln">
</Event><Event ErrorLevel="0" Project="" Source="M-SACCO Webservice.suo" Description="File successfully backed up as D:\Projects\Msacco Webservices\M-SACCO Webservice Magadi - Copy\Backup\M-SACCO Webservice.suo">
</Event><Event ErrorLevel="0" Project="M-SACCO Webservice" Source="M-SACCO Webservice\M-SACCO Webservice.csproj" Description="Project file successfully backed up as D:\Projects\Msacco Webservices\M-SACCO Webservice Magadi - Copy\Backup\M-SACCO Webservice\M-SACCO Webservice.csproj">
</Event><Event ErrorLevel="0" Project="M-SACCO Webservice" Source="M-SACCO Webservice\M-SACCO Webservice.csproj.user" Description="Project user file successfully backed up as D:\Projects\Msacco Webservices\M-SACCO Webservice Magadi - Copy\Backup\M-SACCO Webservice\M-SACCO Webservice.csproj.user">
</Event><Event ErrorLevel="0" Project="M-SACCO Webservice" Source="M-SACCO Webservice\Cutilities.cs" Description="File successfully backed up as D:\Projects\Msacco Webservices\M-SACCO Webservice Magadi - Copy\Backup\M-SACCO Webservice\Cutilities.cs">
</Event><Event ErrorLevel="0" Project="M-SACCO Webservice" Source="M-SACCO Webservice\Data.cs" Description="File successfully backed up as D:\Projects\Msacco Webservices\M-SACCO Webservice Magadi - Copy\Backup\M-SACCO Webservice\Data.cs">
</Event><Event ErrorLevel="0" Project="M-SACCO Webservice" Source="M-SACCO Webservice\M-Sacco.asmx.cs" Description="File successfully backed up as D:\Projects\Msacco Webservices\M-SACCO Webservice Magadi - Copy\Backup\M-SACCO Webservice\M-Sacco.asmx.cs">
</Event><Event ErrorLevel="0" Project="M-SACCO Webservice" Source="M-SACCO Webservice\Properties\AssemblyInfo.cs" Description="File successfully backed up as D:\Projects\Msacco Webservices\M-SACCO Webservice Magadi - Copy\Backup\M-SACCO Webservice\Properties\AssemblyInfo.cs">
</Event><Event ErrorLevel="0" Project="M-SACCO Webservice" Source="M-SACCO Webservice\Properties\Settings.Designer.cs" Description="File successfully backed up as D:\Projects\Msacco Webservices\M-SACCO Webservice Magadi - Copy\Backup\M-SACCO Webservice\Properties\Settings.Designer.cs">
</Event><Event ErrorLevel="0" Project="M-SACCO Webservice" Source="M-SACCO Webservice\Properties\Settings.settings" Description="File successfully backed up as D:\Projects\Msacco Webservices\M-SACCO Webservice Magadi - Copy\Backup\M-SACCO Webservice\Properties\Settings.settings">
</Event><Event ErrorLevel="0" Project="M-SACCO Webservice" Source="M-SACCO Webservice\M-Sacco.asmx" Description="File successfully backed up as D:\Projects\Msacco Webservices\M-SACCO Webservice Magadi - Copy\Backup\M-SACCO Webservice\M-Sacco.asmx">
</Event><Event ErrorLevel="0" Project="M-SACCO Webservice" Source="M-SACCO Webservice\Web.config" Description="File successfully backed up as D:\Projects\Msacco Webservices\M-SACCO Webservice Magadi - Copy\Backup\M-SACCO Webservice\Web.config">
</Event><Event ErrorLevel="0" Project="M-SACCO Webservice" Source="M-SACCO Webservice\M-SACCO Webservice.csproj" Description="Project converted successfully">
</Event><Event ErrorLevel="3" Project="M-SACCO Webservice" Source="M-SACCO Webservice\M-SACCO Webservice.csproj" Description="Converted">
</Event><Event ErrorLevel="0" Project="" Source="M-SACCO Webservice.sln" Description="Solution converted successfully">
</Event><Event ErrorLevel="3" Project="" Source="M-SACCO Webservice.sln" Description="Converted">
</Event><Event ErrorLevel="0" Project="M-SACCO Webservice" Source="M-SACCO Webservice\M-SACCO Webservice.csproj" Description="Scan complete: Upgrade not required for project files.">
</Event></UpgradeLog>