<?xml version="1.0" encoding="UTF-8"?><?xml-stylesheet type='text/xsl' href='_UpgradeReport_Files/UpgradeReport.xslt'?><UpgradeLog>
<Properties><Property Name="Solution" Value="DO">
</Property><Property Name="Solution File" Value="D:\Projects\Dropbox\Projects\WeighCON\VBNET\VBNET\DO\DO.sln">
</Property><Property Name="Date" Value="17 December 2011">
</Property><Property Name="Time" Value="10:01">
</Property></Properties><Event ErrorLevel="1" Project="DO" Source="DO.vbproj" Description="Your project is targeting .NET Framework 2.0 or 3.0. If your project uses assemblies requiring a newer .NET Framework, your project will fail to build. You can change the .NET Framework version by clicking Properties on the project menu and then selecting a new version in the '.NET Framework' dropdown box. (In Visual Basic, this is located on the Compile tab by clicking the 'Advanced Compiler Options...' button.)">
</Event><Event ErrorLevel="0" Project="DO" Source="DO.vbproj" Description="Project converted successfully">
</Event><Event ErrorLevel="3" Project="DO" Source="DO.vbproj" Description="Converted">
</Event><Event ErrorLevel="0" Project="" Source="DO.sln" Description="Solution converted successfully">
</Event><Event ErrorLevel="3" Project="" Source="DO.sln" Description="Converted">
</Event><Event ErrorLevel="0" Project="DO" Source="app.config" Description="File converted successfully. All &lt;supportedRuntime&gt; and &lt;requiredRuntime&gt; tags were removed to enable the project to build and run with Visual Studio 2005.">
</Event><Event ErrorLevel="3" Project="DO" Source="app.config" Description="Converted">
</Event></UpgradeLog>